Series Name,Series Code,Country Name,Country Code,2010 [YR2010],2011 [YR2011],2012 [YR2012],2013 [YR2013],2014 [YR2014],2015 [YR2015],2016 [YR2016],2017 [YR2017],2018 [YR2018],2019 [YR2019],2020 [YR2020]
"Female share of graduates in Engineering, Manufacturing and Construction programmes, tertiary (%)",SE.TER.GRAD.FE.EN.ZS,Afghanistan,AFG,..,..,..,..,4.08978,..,..,..,..,..,..
"Female share of graduates in Engineering, Manufacturing and Construction programmes, tertiary (%)",SE.TER.GRAD.FE.EN.ZS,Albania,ALB,..,34.23645,..,38.40035,38.40388,41.23907,37.67425,38.44868,38.29528,..,..
"Female share of graduates in Engineering, Manufacturing and Construction programmes, tertiary (%)",SE.TER.GRAD.FE.EN.ZS,Algeria,DZA,33.95211,37.36776,..,32.44576,38.68668,39.82702,41.18246,..,48.46417,..,..
"Female share of graduates in Engineering, Manufacturing and Construction programmes, tertiary (%)",SE.TER.GRAD.FE.EN.ZS,American Samoa,ASM,..,..,..,..,..,..,..,..,..,..,..
"Female share of graduates in Engineering, Manufacturing and Construction programmes, tertiary (%)",SE.TER.GRAD.FE.EN.ZS,Andorra,AND,..,..,..,33.33333,28.57143,0,0,0,0,..,..
"Female share of graduates in Engineering, Manufacturing and Construction programmes, tertiary (%)",SE.TER.GRAD.FE.EN.ZS,Angola,AGO,..,..,..,19.32059,..,22.39583,..,..,..,..,..
"Female share of graduates in Engineering, Manufacturing and Construction programmes, tertiary (%)",SE.TER.GRAD.FE.EN.ZS,Antigua and Barbuda,ATG,..,..,..,..,..,..,..,..,..,..,..
"Female share of graduates in Engineering, Manufacturing and Construction programmes, tertiary (%)",SE.TER.GRAD.FE.EN.ZS,Arab World,ARB,..,..,..,..,..,..,..,..,..,..,..
"Female share of graduates in Engineering, Manufacturing and Construction programmes, tertiary (%)",SE.TER.GRAD.FE.EN.ZS,Argentina,ARG,35.14039,75.30572,..,..,..,..,..,..,..,..,..
"Female share of graduates in Engineering, Manufacturing and Construction programmes, tertiary (%)",SE.TER.GRAD.FE.EN.ZS,Armenia,ARM,29.0501,..,..,26.72614,26.35097,22.87751,16.11374,11.94432,22.39763,..,..
"Female share of graduates in Engineering, Manufacturing and Construction programmes, tertiary (%)",SE.TER.GRAD.FE.EN.ZS,Aruba,ABW,7.54717,14.89362,19.69697,..,..,..,..,..,..,..,..
"Female share of graduates in Engineering, Manufacturing and Construction programmes, tertiary (%)",SE.TER.GRAD.FE.EN.ZS,Australia,AUS,..,24.56613,..,24.90867,25.56132,22.86682,..,23.23094,..,..,..
"Female share of graduates in Engineering, Manufacturing and Construction programmes, tertiary (%)",SE.TER.GRAD.FE.EN.ZS,Austria,AUT,..,..,..,22.15076,22.81739,21.12272,21.54307,..,..,..,..
"Female share of graduates in Engineering, Manufacturing and Construction programmes, tertiary (%)",SE.TER.GRAD.FE.EN.ZS,Azerbaijan,AZE,24.92333,25.06188,24.91371,20.33752,21.92846,24.08398,24.43372,28.09003,26.56063,..,..
"Female share of graduates in Engineering, Manufacturing and Construction programmes, tertiary (%)",SE.TER.GRAD.FE.EN.ZS,"Bahamas, The",BHS,..,..,..,..,..,..,..,..,..,..,..
"Female share of graduates in Engineering, Manufacturing and Construction programmes, tertiary (%)",SE.TER.GRAD.FE.EN.ZS,Bahrain,BHR,..,..,..,..,27.57528,31.86992,36.58147,33.33333,30.56537,..,..
"Female share of graduates in Engineering, Manufacturing and Construction programmes, tertiary (%)",SE.TER.GRAD.FE.EN.ZS,Bangladesh,BGD,..,..,16.56463,..,16.53937,..,46.21171,46.21171,46.05475,..,..
"Female share of graduates in Engineering, Manufacturing and Construction programmes, tertiary (%)",SE.TER.GRAD.FE.EN.ZS,Barbados,BRB,..,9.09091,..,..,..,..,..,..,..,..,..
"Female share of graduates in Engineering, Manufacturing and Construction programmes, tertiary (%)",SE.TER.GRAD.FE.EN.ZS,Belarus,BLR,16.52837,32.37246,30.82041,29.96539,28.09479,23.09587,24.07109,23.48738,23.20685,..,..
"Female share of graduates in Engineering, Manufacturing and Construction programmes, tertiary (%)",SE.TER.GRAD.FE.EN.ZS,Belgium,BEL,21.56144,21.95122,21.71479,22.75136,23.76717,22.01081,24.59242,23.39934,..,..,..
"Female share of graduates in Engineering, Manufacturing and Construction programmes, tertiary (%)",SE.TER.GRAD.FE.EN.ZS,Belize,BLZ,..,..,..,..,..,9.09091,..,..,..,..,..
"Female share of graduates in Engineering, Manufacturing and Construction programmes, tertiary (%)",SE.TER.GRAD.FE.EN.ZS,Benin,BEN,..,17.85029,..,..,14.76923,54.64481,..,..,..,..,..
"Female share of graduates in Engineering, Manufacturing and Construction programmes, tertiary (%)",SE.TER.GRAD.FE.EN.ZS,Bermuda,BMU,0,0,9.09091,..,..,0,..,0,6.25,..,..
"Female share of graduates in Engineering, Manufacturing and Construction programmes, tertiary (%)",SE.TER.GRAD.FE.EN.ZS,Bhutan,BTN,..,..,..,24.91468,..,..,..,..,..,..,..
"Female share of graduates in Engineering, Manufacturing and Construction programmes, tertiary (%)",SE.TER.GRAD.FE.EN.ZS,Bolivia,BOL,..,..,..,..,..,..,..,..,..,..,..
"Female share of graduates in Engineering, Manufacturing and Construction programmes, tertiary (%)",SE.TER.GRAD.FE.EN.ZS,Bosnia and Herzegovina,BIH,..,..,..,37.45087,37.8579,38.1654,37.84404,37.87306,39.37282,..,..
"Female share of graduates in Engineering, Manufacturing and Construction programmes, tertiary (%)",SE.TER.GRAD.FE.EN.ZS,Botswana,BWA,..,..,..,..,..,..,..,..,..,..,..
"Female share of graduates in Engineering, Manufacturing and Construction programmes, tertiary (%)",SE.TER.GRAD.FE.EN.ZS,Brazil,BRA,30.27954,31.21295,31.80072,..,34.96844,33.92143,35.22396,36.66328,..,..,..
"Female share of graduates in Engineering, Manufacturing and Construction programmes, tertiary (%)",SE.TER.GRAD.FE.EN.ZS,British Virgin Islands,VGB,..,..,..,..,..,..,..,..,..,..,..
"Female share of graduates in Engineering, Manufacturing and Construction programmes, tertiary (%)",SE.TER.GRAD.FE.EN.ZS,Brunei Darussalam,BRN,28.16092,43.27485,41.43646,41.77778,44.95114,47.72727,49.60784,47.67442,52.26415,..,..
"Female share of graduates in Engineering, Manufacturing and Construction programmes, tertiary (%)",SE.TER.GRAD.FE.EN.ZS,Bulgaria,BGR,36.45184,37.10597,35.97479,35.79625,35.26641,29.28994,30.40298,28.67224,..,..,..
"Female share of graduates in Engineering, Manufacturing and Construction programmes, tertiary (%)",SE.TER.GRAD.FE.EN.ZS,Burkina Faso,BFA,..,13.98784,17.04036,20.64897,18.99642,13.7211,17.16148,17.53882,21.57895,..,..
"Female share of graduates in Engineering, Manufacturing and Construction programmes, tertiary (%)",SE.TER.GRAD.FE.EN.ZS,Burundi,BDI,51.72414,..,..,..,..,..,11.15834,8.03403,..,..,..
"Female share of graduates in Engineering, Manufacturing and Construction programmes, tertiary (%)",SE.TER.GRAD.FE.EN.ZS,Cabo Verde,CPV,..,..,..,..,..,..,16.66667,21.875,32.65306,..,..
"Female share of graduates in Engineering, Manufacturing and Construction programmes, tertiary (%)",SE.TER.GRAD.FE.EN.ZS,Cambodia,KHM,..,..,..,..,..,15.13514,..,..,..,..,..
"Female share of graduates in Engineering, Manufacturing and Construction programmes, tertiary (%)",SE.TER.GRAD.FE.EN.ZS,Cameroon,CMR,..,..,..,..,..,..,25.21779,25.1945,..,..,..
"Female share of graduates in Engineering, Manufacturing and Construction programmes, tertiary (%)",SE.TER.GRAD.FE.EN.ZS,Canada,CAN,19.32566,19.61702,..,20.82549,19.20894,19.01266,19.66861,..,..,..,..
"Female share of graduates in Engineering, Manufacturing and Construction programmes, tertiary (%)",SE.TER.GRAD.FE.EN.ZS,Caribbean small states,CSS,..,..,..,..,..,..,..,..,..,..,..
"Female share of graduates in Engineering, Manufacturing and Construction programmes, tertiary (%)",SE.TER.GRAD.FE.EN.ZS,Cayman Islands,CYM,..,..,..,..,..,..,..,..,..,..,..
"Female share of graduates in Engineering, Manufacturing and Construction programmes, tertiary (%)",SE.TER.GRAD.FE.EN.ZS,Central African Republic,CAF,..,..,..,..,..,..,..,..,..,..,..
"Female share of graduates in Engineering, Manufacturing and Construction programmes, tertiary (%)",SE.TER.GRAD.FE.EN.ZS,Central Europe and the Baltics,CEB,..,..,..,..,..,..,..,..,..,..,..
"Female share of graduates in Engineering, Manufacturing and Construction programmes, tertiary (%)",SE.TER.GRAD.FE.EN.ZS,Chad,TCD,..,..,..,..,..,..,..,..,..,..,..
"Female share of graduates in Engineering, Manufacturing and Construction programmes, tertiary (%)",SE.TER.GRAD.FE.EN.ZS,Channel Islands,CHI,..,..,..,..,..,..,..,..,..,..,..
"Female share of graduates in Engineering, Manufacturing and Construction programmes, tertiary (%)",SE.TER.GRAD.FE.EN.ZS,Chile,CHL,19.23452,..,19.2424,18.41601,17.72178,17.13226,17.40621,17.74013,..,..,..
"Female share of graduates in Engineering, Manufacturing and Construction programmes, tertiary (%)",SE.TER.GRAD.FE.EN.ZS,China,CHN,..,..,..,..,..,..,..,..,..,..,..
"Female share of graduates in Engineering, Manufacturing and Construction programmes, tertiary (%)",SE.TER.GRAD.FE.EN.ZS,Colombia,COL,..,31.57981,31.44858,32.10501,33.67968,33.11794,34.26748,35.13754,34.59502,..,..
"Female share of graduates in Engineering, Manufacturing and Construction programmes, tertiary (%)",SE.TER.GRAD.FE.EN.ZS,Comoros,COM,..,..,..,..,..,..,..,..,..,..,..
"Female share of graduates in Engineering, Manufacturing and Construction programmes, tertiary (%)",SE.TER.GRAD.FE.EN.ZS,"Congo, Dem. Rep.",COD,..,..,..,..,..,..,9.79972,..,..,..,..
"Female share of graduates in Engineering, Manufacturing and Construction programmes, tertiary (%)",SE.TER.GRAD.FE.EN.ZS,"Congo, Rep.",COG,..,..,..,..,..,..,..,15.70577,..,..,..
"Female share of graduates in Engineering, Manufacturing and Construction programmes, tertiary (%)",SE.TER.GRAD.FE.EN.ZS,Costa Rica,CRI,28.68966,34.89142,..,33.67521,34.38959,33.85049,38.94063,35.23581,35.37472,..,..
"Female share of graduates in Engineering, Manufacturing and Construction programmes, tertiary (%)",SE.TER.GRAD.FE.EN.ZS,Cote d'Ivoire,CIV,..,..,..,..,..,..,..,..,..,..,..
"Female share of graduates in Engineering, Manufacturing and Construction programmes, tertiary (%)",SE.TER.GRAD.FE.EN.ZS,Croatia,HRV,28.31981,..,30.11933,..,31.37685,30.28774,34.31606,35.65264,..,..,..
"Female share of graduates in Engineering, Manufacturing and Construction programmes, tertiary (%)",SE.TER.GRAD.FE.EN.ZS,Cuba,CUB,..,..,..,28.26763,..,..,41.64581,..,..,..,..
"Female share of graduates in Engineering, Manufacturing and Construction programmes, tertiary (%)",SE.TER.GRAD.FE.EN.ZS,Curacao,CUW,..,..,..,..,..,..,..,..,..,..,..
"Female share of graduates in Engineering, Manufacturing and Construction programmes, tertiary (%)",SE.TER.GRAD.FE.EN.ZS,Cyprus,CYP,29.62963,30.2554,51.13772,29.17808,29.20673,32.40844,33.05489,32.85398,..,..,..
"Female share of graduates in Engineering, Manufacturing and Construction programmes, tertiary (%)",SE.TER.GRAD.FE.EN.ZS,Czech Republic,CZE,26.079,29.3173,30.53744,30.45558,30.94118,32.00422,32.67334,33.65148,..,..,..
"Female share of graduates in Engineering, Manufacturing and Construction programmes, tertiary (%)",SE.TER.GRAD.FE.EN.ZS,Denmark,DNK,37.72554,38.64131,37.28414,35.33482,36.18108,29.97602,28.19523,29.03725,..,..,..
"Female share of graduates in Engineering, Manufacturing and Construction programmes, tertiary (%)",SE.TER.GRAD.FE.EN.ZS,Djibouti,DJI,..,..,..,..,..,..,..,..,..,..,..
"Female share of graduates in Engineering, Manufacturing and Construction programmes, tertiary (%)",SE.TER.GRAD.FE.EN.ZS,Dominica,DMA,..,..,..,..,..,..,..,..,..,..,..
"Female share of graduates in Engineering, Manufacturing and Construction programmes, tertiary (%)",SE.TER.GRAD.FE.EN.ZS,Dominican Republic,DOM,..,..,..,..,36.82266,41.12441,31.88064,38.4035,..,..,..
"Female share of graduates in Engineering, Manufacturing and Construction programmes, tertiary (%)",SE.TER.GRAD.FE.EN.ZS,Early-demographic dividend,EAR,..,..,..,..,..,..,..,..,..,..,..
"Female share of graduates in Engineering, Manufacturing and Construction programmes, tertiary (%)",SE.TER.GRAD.FE.EN.ZS,East Asia & Pacific,EAS,..,..,..,..,..,..,..,..,..,..,..
"Female share of graduates in Engineering, Manufacturing and Construction programmes, tertiary (%)",SE.TER.GRAD.FE.EN.ZS,East Asia & Pacific (excluding high income),EAP,..,..,..,..,..,..,..,..,..,..,..
"Female share of graduates in Engineering, Manufacturing and Construction programmes, tertiary (%)",SE.TER.GRAD.FE.EN.ZS,East Asia & Pacific (IDA & IBRD),TEA,..,..,..,..,..,..,..,..,..,..,..
"Female share of graduates in Engineering, Manufacturing and Construction programmes, tertiary (%)",SE.TER.GRAD.FE.EN.ZS,Ecuador,ECU,..,..,..,18.09145,21.17855,19.34827,20.66284,..,..,..,..
"Female share of graduates in Engineering, Manufacturing and Construction programmes, tertiary (%)",SE.TER.GRAD.FE.EN.ZS,"Egypt, Arab Rep.",EGY,..,..,..,26.98785,..,..,20.93463,..,..,..,..
"Female share of graduates in Engineering, Manufacturing and Construction programmes, tertiary (%)",SE.TER.GRAD.FE.EN.ZS,El Salvador,SLV,20.38015,19.38278,19.16256,26.62143,22.20288,19.01408,17.24724,18.77395,18.65589,..,..
"Female share of graduates in Engineering, Manufacturing and Construction programmes, tertiary (%)",SE.TER.GRAD.FE.EN.ZS,Equatorial Guinea,GNQ,..,..,..,..,..,..,..,..,..,..,..
"Female share of graduates in Engineering, Manufacturing and Construction programmes, tertiary (%)",SE.TER.GRAD.FE.EN.ZS,Eritrea,ERI,..,..,..,..,15.82633,26.18629,28.05281,..,..,..,..
"Female share of graduates in Engineering, Manufacturing and Construction programmes, tertiary (%)",SE.TER.GRAD.FE.EN.ZS,Estonia,EST,41.99873,39.83597,38.08383,35.71844,37.7492,32.63019,32.3489,32.12291,..,..,..
"Female share of graduates in Engineering, Manufacturing and Construction programmes, tertiary (%)",SE.TER.GRAD.FE.EN.ZS,Eswatini,SWZ,..,..,..,15.15152,..,..,..,..,..,..,..
"Female share of graduates in Engineering, Manufacturing and Construction programmes, tertiary (%)",SE.TER.GRAD.FE.EN.ZS,Ethiopia,ETH,13.70082,..,..,..,..,..,..,..,..,..,..
"Female share of graduates in Engineering, Manufacturing and Construction programmes, tertiary (%)",SE.TER.GRAD.FE.EN.ZS,Euro area,EMU,..,..,..,..,..,..,..,..,..,..,..
"Female share of graduates in Engineering, Manufacturing and Construction programmes, tertiary (%)",SE.TER.GRAD.FE.EN.ZS,Europe & Central Asia,ECS,..,..,..,..,..,..,..,..,..,..,..
"Female share of graduates in Engineering, Manufacturing and Construction programmes, tertiary (%)",SE.TER.GRAD.FE.EN.ZS,Europe & Central Asia (excluding high income),ECA,..,..,..,..,..,..,..,..,..,..,..
"Female share of graduates in Engineering, Manufacturing and Construction programmes, tertiary (%)",SE.TER.GRAD.FE.EN.ZS,Europe & Central Asia (IDA & IBRD),TEC,..,..,..,..,..,..,..,..,..,..,..
"Female share of graduates in Engineering, Manufacturing and Construction programmes, tertiary (%)",SE.TER.GRAD.FE.EN.ZS,European Union,EUU,..,..,..,..,..,..,..,..,..,..,..
"Female share of graduates in Engineering, Manufacturing and Construction programmes, tertiary (%)",SE.TER.GRAD.FE.EN.ZS,Faroe Islands,FRO,..,..,..,..,..,..,..,..,..,..,..
"Female share of graduates in Engineering, Manufacturing and Construction programmes, tertiary (%)",SE.TER.GRAD.FE.EN.ZS,Fiji,FJI,..,..,..,..,..,..,..,..,..,..,..
"Female share of graduates in Engineering, Manufacturing and Construction programmes, tertiary (%)",SE.TER.GRAD.FE.EN.ZS,Finland,FIN,22.31949,23.37475,23.10011,22.5525,22.11037,22.31679,22.26141,22.16466,..,..,..
"Female share of graduates in Engineering, Manufacturing and Construction programmes, tertiary (%)",SE.TER.GRAD.FE.EN.ZS,Fragile and conflict affected situations,FCS,..,..,..,..,..,..,..,..,..,..,..
"Female share of graduates in Engineering, Manufacturing and Construction programmes, tertiary (%)",SE.TER.GRAD.FE.EN.ZS,France,FRA,..,..,26.80639,26.43643,26.20025,26.18209,26.10633,..,..,..,..
"Female share of graduates in Engineering, Manufacturing and Construction programmes, tertiary (%)",SE.TER.GRAD.FE.EN.ZS,French Polynesia,PYF,..,..,..,..,..,..,..,..,..,..,..
"Female share of graduates in Engineering, Manufacturing and Construction programmes, tertiary (%)",SE.TER.GRAD.FE.EN.ZS,Gabon,GAB,..,..,..,..,..,..,..,..,..,..,..
"Female share of graduates in Engineering, Manufacturing and Construction programmes, tertiary (%)",SE.TER.GRAD.FE.EN.ZS,"Gambia, The",GMB,..,14.18919,9.23483,..,..,..,..,..,..,..,..
"Female share of graduates in Engineering, Manufacturing and Construction programmes, tertiary (%)",SE.TER.GRAD.FE.EN.ZS,Georgia,GEO,30.15428,..,27.70655,23.12358,29.56919,29.63164,21.51749,17.07188,17.67086,15.73412,..
"Female share of graduates in Engineering, Manufacturing and Construction programmes, tertiary (%)",SE.TER.GRAD.FE.EN.ZS,Germany,DEU,..,..,..,..,..,19.96894,20.48965,21.11782,..,..,..
"Female share of graduates in Engineering, Manufacturing and Construction programmes, tertiary (%)",SE.TER.GRAD.FE.EN.ZS,Ghana,GHA,..,..,9.31677,18.43525,9.73338,19.3093,18.16088,13.80999,16.41093,..,..
"Female share of graduates in Engineering, Manufacturing and Construction programmes, tertiary (%)",SE.TER.GRAD.FE.EN.ZS,Gibraltar,GIB,..,..,..,..,..,..,..,..,..,..,..
"Female share of graduates in Engineering, Manufacturing and Construction programmes, tertiary (%)",SE.TER.GRAD.FE.EN.ZS,Greece,GRC,34.30515,33.51219,32.94399,33.52449,32.16537,..,33.52037,33.87207,..,..,..
"Female share of graduates in Engineering, Manufacturing and Construction programmes, tertiary (%)",SE.TER.GRAD.FE.EN.ZS,Greenland,GRL,..,..,..,..,..,..,..,..,..,..,..
"Female share of graduates in Engineering, Manufacturing and Construction programmes, tertiary (%)",SE.TER.GRAD.FE.EN.ZS,Grenada,GRD,..,..,..,..,..,20.2381,..,12.62136,12.72727,..,..
"Female share of graduates in Engineering, Manufacturing and Construction programmes, tertiary (%)",SE.TER.GRAD.FE.EN.ZS,Guam,GUM,..,..,..,..,..,..,..,..,..,..,..
"Female share of graduates in Engineering, Manufacturing and Construction programmes, tertiary (%)",SE.TER.GRAD.FE.EN.ZS,Guatemala,GTM,..,..,..,..,32.57743,34.98438,..,..,..,..,..
"Female share of graduates in Engineering, Manufacturing and Construction programmes, tertiary (%)",SE.TER.GRAD.FE.EN.ZS,Guinea,GIN,..,..,..,..,..,..,..,..,..,..,..
"Female share of graduates in Engineering, Manufacturing and Construction programmes, tertiary (%)",SE.TER.GRAD.FE.EN.ZS,Guinea-Bissau,GNB,..,..,..,..,..,..,..,..,..,..,..
"Female share of graduates in Engineering, Manufacturing and Construction programmes, tertiary (%)",SE.TER.GRAD.FE.EN.ZS,Guyana,GUY,14.48276,11.03448,22.36842,..,..,..,..,..,..,..,..
"Female share of graduates in Engineering, Manufacturing and Construction programmes, tertiary (%)",SE.TER.GRAD.FE.EN.ZS,Haiti,HTI,..,..,..,..,..,..,..,..,..,..,..
"Female share of graduates in Engineering, Manufacturing and Construction programmes, tertiary (%)",SE.TER.GRAD.FE.EN.ZS,Heavily indebted poor countries (HIPC),HPC,..,..,..,..,..,..,..,..,..,..,..
"Female share of graduates in Engineering, Manufacturing and Construction programmes, tertiary (%)",SE.TER.GRAD.FE.EN.ZS,High income,HIC,..,..,..,..,..,..,..,..,..,..,..
"Female share of graduates in Engineering, Manufacturing and Construction programmes, tertiary (%)",SE.TER.GRAD.FE.EN.ZS,Honduras,HND,..,..,38.04227,37.41275,40.68253,36.64568,37.87167,41.25874,38.50372,..,..
"Female share of graduates in Engineering, Manufacturing and Construction programmes, tertiary (%)",SE.TER.GRAD.FE.EN.ZS,"Hong Kong SAR, China",HKG,..,..,..,..,..,..,..,..,..,..,..
"Female share of graduates in Engineering, Manufacturing and Construction programmes, tertiary (%)",SE.TER.GRAD.FE.EN.ZS,Hungary,HUN,30.28649,27.91107,26.72167,27.8355,28.25199,27.17197,29.24722,29.84505,..,..,..
"Female share of graduates in Engineering, Manufacturing and Construction programmes, tertiary (%)",SE.TER.GRAD.FE.EN.ZS,IBRD only,IBD,..,..,..,..,..,..,..,..,..,..,..
"Female share of graduates in Engineering, Manufacturing and Construction programmes, tertiary (%)",SE.TER.GRAD.FE.EN.ZS,Iceland,ISL,40.8,..,32.68293,..,..,..,..,..,..,..,..
"Female share of graduates in Engineering, Manufacturing and Construction programmes, tertiary (%)",SE.TER.GRAD.FE.EN.ZS,IDA & IBRD total,IBT,..,..,..,..,..,..,..,..,..,..,..
"Female share of graduates in Engineering, Manufacturing and Construction programmes, tertiary (%)",SE.TER.GRAD.FE.EN.ZS,IDA blend,IDB,..,..,..,..,..,..,..,..,..,..,..
"Female share of graduates in Engineering, Manufacturing and Construction programmes, tertiary (%)",SE.TER.GRAD.FE.EN.ZS,IDA only,IDX,..,..,..,..,..,..,..,..,..,..,..
"Female share of graduates in Engineering, Manufacturing and Construction programmes, tertiary (%)",SE.TER.GRAD.FE.EN.ZS,IDA total,IDA,..,..,..,..,..,..,..,..,..,..,..
"Female share of graduates in Engineering, Manufacturing and Construction programmes, tertiary (%)",SE.TER.GRAD.FE.EN.ZS,India,IND,..,..,..,30.089,30.88419,30.98294,30.8204,30.80249,30.82657,..,..
"Female share of graduates in Engineering, Manufacturing and Construction programmes, tertiary (%)",SE.TER.GRAD.FE.EN.ZS,Indonesia,IDN,..,..,..,..,35.82686,21.55394,22.63215,24.12959,24.91733,..,..
"Female share of graduates in Engineering, Manufacturing and Construction programmes, tertiary (%)",SE.TER.GRAD.FE.EN.ZS,"Iran, Islamic Rep.",IRN,..,21.82907,21.00352,24.70733,26.19392,..,20.24308,22.66265,..,..,..
"Female share of graduates in Engineering, Manufacturing and Construction programmes, tertiary (%)",SE.TER.GRAD.FE.EN.ZS,Iraq,IRQ,..,..,..,..,..,..,..,..,..,..,..
"Female share of graduates in Engineering, Manufacturing and Construction programmes, tertiary (%)",SE.TER.GRAD.FE.EN.ZS,Ireland,IRL,17.73903,..,19.34791,14.05882,15.44546,15.9494,17.56475,..,..,..,..
"Female share of graduates in Engineering, Manufacturing and Construction programmes, tertiary (%)",SE.TER.GRAD.FE.EN.ZS,Isle of Man,IMN,..,..,..,..,..,..,..,..,..,..,..
"Female share of graduates in Engineering, Manufacturing and Construction programmes, tertiary (%)",SE.TER.GRAD.FE.EN.ZS,Israel,ISR,..,..,..,..,..,..,..,..,..,..,..
"Female share of graduates in Engineering, Manufacturing and Construction programmes, tertiary (%)",SE.TER.GRAD.FE.EN.ZS,Italy,ITA,..,33.73521,40.19971,34.94055,34.59563,34.2988,31.90887,..,..,..,..
"Female share of graduates in Engineering, Manufacturing and Construction programmes, tertiary (%)",SE.TER.GRAD.FE.EN.ZS,Jamaica,JAM,..,..,..,..,..,..,..,..,..,..,..
"Female share of graduates in Engineering, Manufacturing and Construction programmes, tertiary (%)",SE.TER.GRAD.FE.EN.ZS,Japan,JPN,..,..,..,..,..,13.17948,13.7365,14.01,..,..,..
"Female share of graduates in Engineering, Manufacturing and Construction programmes, tertiary (%)",SE.TER.GRAD.FE.EN.ZS,Jordan,JOR,..,..,..,..,..,..,..,..,34.78519,..,..
"Female share of graduates in Engineering, Manufacturing and Construction programmes, tertiary (%)",SE.TER.GRAD.FE.EN.ZS,Kazakhstan,KAZ,..,..,..,30.97901,23.6036,29.25904,29.00596,29.1028,29.61277,28.45189,..
"Female share of graduates in Engineering, Manufacturing and Construction programmes, tertiary (%)",SE.TER.GRAD.FE.EN.ZS,Kenya,KEN,..,..,..,..,..,..,19.4614,..,..,..,..
"Female share of graduates in Engineering, Manufacturing and Construction programmes, tertiary (%)",SE.TER.GRAD.FE.EN.ZS,Kiribati,KIR,..,..,..,..,..,..,..,..,..,..,..
"Female share of graduates in Engineering, Manufacturing and Construction programmes, tertiary (%)",SE.TER.GRAD.FE.EN.ZS,"Korea, Dem. People's Rep.",PRK,..,..,..,..,..,16.63378,..,..,..,..,..
"Female share of graduates in Engineering, Manufacturing and Construction programmes, tertiary (%)",SE.TER.GRAD.FE.EN.ZS,"Korea, Rep.",KOR,..,23.80294,24.1937,24.57594,24.67477,20.66013,21.26807,20.05385,..,..,..
"Female share of graduates in Engineering, Manufacturing and Construction programmes, tertiary (%)",SE.TER.GRAD.FE.EN.ZS,Kosovo,XKX,..,..,..,..,..,..,..,..,..,..,..
"Female share of graduates in Engineering, Manufacturing and Construction programmes, tertiary (%)",SE.TER.GRAD.FE.EN.ZS,Kuwait,KWT,..,..,..,..,..,..,..,..,..,..,..
"Female share of graduates in Engineering, Manufacturing and Construction programmes, tertiary (%)",SE.TER.GRAD.FE.EN.ZS,Kyrgyz Republic,KGZ,37.85181,33.04232,36.84124,25.77065,..,20.48017,20.4747,29.89478,18.37657,..,..
"Female share of graduates in Engineering, Manufacturing and Construction programmes, tertiary (%)",SE.TER.GRAD.FE.EN.ZS,Lao PDR,LAO,..,11.22767,8.00478,10.56027,17.41379,16.76692,16.63837,17.03927,17.94554,..,..
"Female share of graduates in Engineering, Manufacturing and Construction programmes, tertiary (%)",SE.TER.GRAD.FE.EN.ZS,Late-demographic dividend,LTE,..,..,..,..,..,..,..,..,..,..,..
"Female share of graduates in Engineering, Manufacturing and Construction programmes, tertiary (%)",SE.TER.GRAD.FE.EN.ZS,Latin America & Caribbean,LCN,..,..,..,..,..,..,..,..,..,..,..
"Female share of graduates in Engineering, Manufacturing and Construction programmes, tertiary (%)",SE.TER.GRAD.FE.EN.ZS,Latin America & Caribbean (excluding high income),LAC,..,..,..,..,..,..,..,..,..,..,..
"Female share of graduates in Engineering, Manufacturing and Construction programmes, tertiary (%)",SE.TER.GRAD.FE.EN.ZS,Latin America & Caribbean (IDA & IBRD),TLA,..,..,..,..,..,..,..,..,..,..,..
"Female share of graduates in Engineering, Manufacturing and Construction programmes, tertiary (%)",SE.TER.GRAD.FE.EN.ZS,Latvia,LVA,31.07078,29.3623,29.60951,30.18735,31.42292,27.33678,26.66331,26.59517,..,..,..
"Female share of graduates in Engineering, Manufacturing and Construction programmes, tertiary (%)",SE.TER.GRAD.FE.EN.ZS,Least developed countries: UN classification,LDC,..,..,..,..,..,..,..,..,..,..,..
"Female share of graduates in Engineering, Manufacturing and Construction programmes, tertiary (%)",SE.TER.GRAD.FE.EN.ZS,Lebanon,LBN,25.76323,27.10059,..,..,..,..,..,..,..,..,..
"Female share of graduates in Engineering, Manufacturing and Construction programmes, tertiary (%)",SE.TER.GRAD.FE.EN.ZS,Lesotho,LSO,..,..,30.62827,27.52809,16.08187,20.79832,..,..,18.43972,..,..
"Female share of graduates in Engineering, Manufacturing and Construction programmes, tertiary (%)",SE.TER.GRAD.FE.EN.ZS,Liberia,LBR,8.57143,..,24.8062,..,..,..,..,..,..,..,..
"Female share of graduates in Engineering, Manufacturing and Construction programmes, tertiary (%)",SE.TER.GRAD.FE.EN.ZS,Libya,LBY,..,..,..,..,..,..,..,..,..,..,..
"Female share of graduates in Engineering, Manufacturing and Construction programmes, tertiary (%)",SE.TER.GRAD.FE.EN.ZS,Liechtenstein,LIE,62.16216,62.16216,40.67797,..,..,..,..,..,..,..,..
"Female share of graduates in Engineering, Manufacturing and Construction programmes, tertiary (%)",SE.TER.GRAD.FE.EN.ZS,Lithuania,LTU,28.71656,27.80475,25.9633,24.41089,25.78627,26.41035,24.59646,25.47746,..,..,..
"Female share of graduates in Engineering, Manufacturing and Construction programmes, tertiary (%)",SE.TER.GRAD.FE.EN.ZS,Low & middle income,LMY,..,..,..,..,..,..,..,..,..,..,..
"Female share of graduates in Engineering, Manufacturing and Construction programmes, tertiary (%)",SE.TER.GRAD.FE.EN.ZS,Low income,LIC,..,..,..,..,..,..,..,..,..,..,..
"Female share of graduates in Engineering, Manufacturing and Construction programmes, tertiary (%)",SE.TER.GRAD.FE.EN.ZS,Lower middle income,LMC,..,..,..,..,..,..,..,..,..,..,..
"Female share of graduates in Engineering, Manufacturing and Construction programmes, tertiary (%)",SE.TER.GRAD.FE.EN.ZS,Luxembourg,LUX,..,..,39.74359,22,25.24272,14.28571,19.81982,..,..,..,..
"Female share of graduates in Engineering, Manufacturing and Construction programmes, tertiary (%)",SE.TER.GRAD.FE.EN.ZS,"Macao SAR, China",MAC,16.07143,10.44776,13.55932,19.64286,17.61364,17.2043,21.73913,13.9738,19.53488,..,..
"Female share of graduates in Engineering, Manufacturing and Construction programmes, tertiary (%)",SE.TER.GRAD.FE.EN.ZS,Madagascar,MDG,21.50901,..,..,24.20968,20.43449,24.70407,18.67602,18.88186,18.51852,..,..
"Female share of graduates in Engineering, Manufacturing and Construction programmes, tertiary (%)",SE.TER.GRAD.FE.EN.ZS,Malawi,MWI,..,..,..,..,..,..,..,..,..,..,..
"Female share of graduates in Engineering, Manufacturing and Construction programmes, tertiary (%)",SE.TER.GRAD.FE.EN.ZS,Malaysia,MYS,36.11996,35.85043,38.17648,40.05026,33.3282,32.47968,..,..,27.05155,..,..
"Female share of graduates in Engineering, Manufacturing and Construction programmes, tertiary (%)",SE.TER.GRAD.FE.EN.ZS,Maldives,MDV,..,..,..,..,..,..,..,10.41667,..,..,..
"Female share of graduates in Engineering, Manufacturing and Construction programmes, tertiary (%)",SE.TER.GRAD.FE.EN.ZS,Mali,MLI,..,..,..,..,..,..,..,..,..,..,..
"Female share of graduates in Engineering, Manufacturing and Construction programmes, tertiary (%)",SE.TER.GRAD.FE.EN.ZS,Malta,MLT,32.73543,21.95122,..,26.78133,23.68421,22.65372,23.49869,28.17955,..,..,..
"Female share of graduates in Engineering, Manufacturing and Construction programmes, tertiary (%)",SE.TER.GRAD.FE.EN.ZS,Marshall Islands,MHL,..,..,..,..,..,..,..,..,..,..,..
"Female share of graduates in Engineering, Manufacturing and Construction programmes, tertiary (%)",SE.TER.GRAD.FE.EN.ZS,Mauritania,MRT,..,..,..,..,..,40.42553,12.03704,11.72414,..,..,..
"Female share of graduates in Engineering, Manufacturing and Construction programmes, tertiary (%)",SE.TER.GRAD.FE.EN.ZS,Mauritius,MUS,..,..,..,..,..,..,..,25.25253,..,..,..
"Female share of graduates in Engineering, Manufacturing and Construction programmes, tertiary (%)",SE.TER.GRAD.FE.EN.ZS,Mexico,MEX,28.26506,28.67655,..,28.5495,27.86407,28.30545,28.39103,28.46802,..,..,..
"Female share of graduates in Engineering, Manufacturing and Construction programmes, tertiary (%)",SE.TER.GRAD.FE.EN.ZS,"Micronesia, Fed. Sts.",FSM,..,..,..,..,..,..,..,..,..,..,..
"Female share of graduates in Engineering, Manufacturing and Construction programmes, tertiary (%)",SE.TER.GRAD.FE.EN.ZS,Middle East & North Africa,MEA,..,..,..,..,..,..,..,..,..,..,..
"Female share of graduates in Engineering, Manufacturing and Construction programmes, tertiary (%)",SE.TER.GRAD.FE.EN.ZS,Middle East & North Africa (excluding high income),MNA,..,..,..,..,..,..,..,..,..,..,..
"Female share of graduates in Engineering, Manufacturing and Construction programmes, tertiary (%)",SE.TER.GRAD.FE.EN.ZS,Middle East & North Africa (IDA & IBRD),TMN,..,..,..,..,..,..,..,..,..,..,..
"Female share of graduates in Engineering, Manufacturing and Construction programmes, tertiary (%)",SE.TER.GRAD.FE.EN.ZS,Middle income,MIC,..,..,..,..,..,..,..,..,..,..,..
"Female share of graduates in Engineering, Manufacturing and Construction programmes, tertiary (%)",SE.TER.GRAD.FE.EN.ZS,Moldova,MDA,..,..,..,30.54739,30.18315,29.5858,29.84312,29.16745,29.72568,..,..
"Female share of graduates in Engineering, Manufacturing and Construction programmes, tertiary (%)",SE.TER.GRAD.FE.EN.ZS,Monaco,MCO,..,..,..,..,..,..,..,..,..,..,..
"Female share of graduates in Engineering, Manufacturing and Construction programmes, tertiary (%)",SE.TER.GRAD.FE.EN.ZS,Mongolia,MNG,41.30096,41.61999,..,37.94145,39.08273,33.57913,33.70665,32.2193,30.75134,..,..
"Female share of graduates in Engineering, Manufacturing and Construction programmes, tertiary (%)",SE.TER.GRAD.FE.EN.ZS,Montenegro,MNE,..,..,..,..,..,..,..,..,..,..,..
"Female share of graduates in Engineering, Manufacturing and Construction programmes, tertiary (%)",SE.TER.GRAD.FE.EN.ZS,Morocco,MAR,26.62526,..,..,..,..,44.71076,46.09211,42.20476,..,..,..
"Female share of graduates in Engineering, Manufacturing and Construction programmes, tertiary (%)",SE.TER.GRAD.FE.EN.ZS,Mozambique,MOZ,..,..,19.2389,34.43878,20.58824,20.26342,21.60279,24.26199,28.64465,..,..
"Female share of graduates in Engineering, Manufacturing and Construction programmes, tertiary (%)",SE.TER.GRAD.FE.EN.ZS,Myanmar,MMR,..,61.19125,..,..,..,..,..,..,42.33523,..,..
"Female share of graduates in Engineering, Manufacturing and Construction programmes, tertiary (%)",SE.TER.GRAD.FE.EN.ZS,Namibia,NAM,..,..,..,54.49438,32.94118,35.55556,33.92857,33.9196,..,..,..
"Female share of graduates in Engineering, Manufacturing and Construction programmes, tertiary (%)",SE.TER.GRAD.FE.EN.ZS,Nauru,NRU,..,..,..,..,..,..,..,..,..,..,..
"Female share of graduates in Engineering, Manufacturing and Construction programmes, tertiary (%)",SE.TER.GRAD.FE.EN.ZS,Nepal,NPL,..,..,..,13.95349,..,..,..,..,..,..,..
"Female share of graduates in Engineering, Manufacturing and Construction programmes, tertiary (%)",SE.TER.GRAD.FE.EN.ZS,Netherlands,NLD,20.45392,21.08334,22.12196,22.47698,24.21043,..,..,23.05607,..,..,..
"Female share of graduates in Engineering, Manufacturing and Construction programmes, tertiary (%)",SE.TER.GRAD.FE.EN.ZS,New Caledonia,NCL,..,..,..,..,..,..,..,..,..,..,..
"Female share of graduates in Engineering, Manufacturing and Construction programmes, tertiary (%)",SE.TER.GRAD.FE.EN.ZS,New Zealand,NZL,..,..,..,27.74915,27.23679,27.72123,28.8602,28.62691,..,..,..
"Female share of graduates in Engineering, Manufacturing and Construction programmes, tertiary (%)",SE.TER.GRAD.FE.EN.ZS,Nicaragua,NIC,..,..,..,..,..,..,..,..,..,..,..
"Female share of graduates in Engineering, Manufacturing and Construction programmes, tertiary (%)",SE.TER.GRAD.FE.EN.ZS,Niger,NER,..,..,..,..,..,12.71478,50.44643,14.12535,7.44581,..,..
"Female share of graduates in Engineering, Manufacturing and Construction programmes, tertiary (%)",SE.TER.GRAD.FE.EN.ZS,Nigeria,NGA,..,..,..,..,..,..,..,..,..,..,..
"Female share of graduates in Engineering, Manufacturing and Construction programmes, tertiary (%)",SE.TER.GRAD.FE.EN.ZS,North America,NAC,..,..,..,..,..,..,..,..,..,..,..
"Female share of graduates in Engineering, Manufacturing and Construction programmes, tertiary (%)",SE.TER.GRAD.FE.EN.ZS,North Macedonia,MKD,40.85648,31.31047,33.75338,39.4252,42.0625,42.42991,..,47.76471,..,..,..
"Female share of graduates in Engineering, Manufacturing and Construction programmes, tertiary (%)",SE.TER.GRAD.FE.EN.ZS,Northern Mariana Islands,MNP,..,..,..,..,..,..,..,..,..,..,..
"Female share of graduates in Engineering, Manufacturing and Construction programmes, tertiary (%)",SE.TER.GRAD.FE.EN.ZS,Norway,NOR,28.47241,28.42397,28.16456,21.2027,21.01437,21.9955,23.09555,23.89405,..,..,..
"Female share of graduates in Engineering, Manufacturing and Construction programmes, tertiary (%)",SE.TER.GRAD.FE.EN.ZS,OECD members,OED,..,..,..,..,..,..,..,..,..,..,..
"Female share of graduates in Engineering, Manufacturing and Construction programmes, tertiary (%)",SE.TER.GRAD.FE.EN.ZS,Oman,OMN,28.63712,..,..,36.02941,37.86771,33.64065,39.44852,44.46306,43.15595,..,..
"Female share of graduates in Engineering, Manufacturing and Construction programmes, tertiary (%)",SE.TER.GRAD.FE.EN.ZS,Other small states,OSS,..,..,..,..,..,..,..,..,..,..,..
"Female share of graduates in Engineering, Manufacturing and Construction programmes, tertiary (%)",SE.TER.GRAD.FE.EN.ZS,Pacific island small states,PSS,..,..,..,..,..,..,..,..,..,..,..
"Female share of graduates in Engineering, Manufacturing and Construction programmes, tertiary (%)",SE.TER.GRAD.FE.EN.ZS,Pakistan,PAK,..,..,..,..,..,..,..,..,..,..,..
"Female share of graduates in Engineering, Manufacturing and Construction programmes, tertiary (%)",SE.TER.GRAD.FE.EN.ZS,Palau,PLW,..,..,..,8.33333,..,..,..,..,..,..,..
"Female share of graduates in Engineering, Manufacturing and Construction programmes, tertiary (%)",SE.TER.GRAD.FE.EN.ZS,Panama,PAN,36.57588,49.53782,..,38.25,40.76485,40.25385,40.00758,..,..,..,..
"Female share of graduates in Engineering, Manufacturing and Construction programmes, tertiary (%)",SE.TER.GRAD.FE.EN.ZS,Papua New Guinea,PNG,..,..,..,..,..,..,..,..,..,..,..
"Female share of graduates in Engineering, Manufacturing and Construction programmes, tertiary (%)",SE.TER.GRAD.FE.EN.ZS,Paraguay,PRY,..,..,..,..,..,..,..,..,..,..,..
"Female share of graduates in Engineering, Manufacturing and Construction programmes, tertiary (%)",SE.TER.GRAD.FE.EN.ZS,Peru,PER,..,..,..,..,..,..,26.42423,47.48681,..,..,..
"Female share of graduates in Engineering, Manufacturing and Construction programmes, tertiary (%)",SE.TER.GRAD.FE.EN.ZS,Philippines,PHL,..,..,..,29.50783,29.92934,..,..,24.48273,..,..,..
"Female share of graduates in Engineering, Manufacturing and Construction programmes, tertiary (%)",SE.TER.GRAD.FE.EN.ZS,Poland,POL,35.0675,35.34669,37.70564,39.0544,40.17202,40.81646,41.95505,42.06954,..,..,..
"Female share of graduates in Engineering, Manufacturing and Construction programmes, tertiary (%)",SE.TER.GRAD.FE.EN.ZS,Portugal,PRT,33.43006,34.00048,33.66887,34.91115,34.53368,33.04212,33.02026,32.32536,..,..,..
"Female share of graduates in Engineering, Manufacturing and Construction programmes, tertiary (%)",SE.TER.GRAD.FE.EN.ZS,Post-demographic dividend,PST,..,..,..,..,..,..,..,..,..,..,..
"Female share of graduates in Engineering, Manufacturing and Construction programmes, tertiary (%)",SE.TER.GRAD.FE.EN.ZS,Pre-demographic dividend,PRE,..,..,..,..,..,..,..,..,..,..,..
"Female share of graduates in Engineering, Manufacturing and Construction programmes, tertiary (%)",SE.TER.GRAD.FE.EN.ZS,Puerto Rico,PRI,..,24.74336,26.12712,22.51407,22.50278,20.20511,21.2132,..,..,..,..
"Female share of graduates in Engineering, Manufacturing and Construction programmes, tertiary (%)",SE.TER.GRAD.FE.EN.ZS,Qatar,QAT,35.18519,19.4707,27.23881,27.35507,31.48148,29.89865,22.45431,36.90323,37.21489,..,..
"Female share of graduates in Engineering, Manufacturing and Construction programmes, tertiary (%)",SE.TER.GRAD.FE.EN.ZS,Romania,ROU,35.11406,38.64117,36.68348,36.73745,36.6474,36.61302,35.32446,..,..,..,..
"Female share of graduates in Engineering, Manufacturing and Construction programmes, tertiary (%)",SE.TER.GRAD.FE.EN.ZS,Russian Federation,RUS,..,..,..,..,..,..,..,..,..,..,..
"Female share of graduates in Engineering, Manufacturing and Construction programmes, tertiary (%)",SE.TER.GRAD.FE.EN.ZS,Rwanda,RWA,..,..,19.63293,..,27.73279,23.17881,..,25.47065,26.54792,..,..
"Female share of graduates in Engineering, Manufacturing and Construction programmes, tertiary (%)",SE.TER.GRAD.FE.EN.ZS,Samoa,WSM,..,..,..,..,..,..,..,..,..,..,..
"Female share of graduates in Engineering, Manufacturing and Construction programmes, tertiary (%)",SE.TER.GRAD.FE.EN.ZS,San Marino,SMR,..,..,..,..,..,..,..,..,36,..,..
"Female share of graduates in Engineering, Manufacturing and Construction programmes, tertiary (%)",SE.TER.GRAD.FE.EN.ZS,Sao Tome and Principe,STP,..,..,..,..,..,..,..,..,..,..,..
"Female share of graduates in Engineering, Manufacturing and Construction programmes, tertiary (%)",SE.TER.GRAD.FE.EN.ZS,Saudi Arabia,SAU,4.54308,8.45456,2.85424,3.44278,3.9323,4.03975,3.66298,6.02474,2.67535,..,..
"Female share of graduates in Engineering, Manufacturing and Construction programmes, tertiary (%)",SE.TER.GRAD.FE.EN.ZS,Senegal,SEN,..,..,..,..,..,..,..,..,..,..,..
"Female share of graduates in Engineering, Manufacturing and Construction programmes, tertiary (%)",SE.TER.GRAD.FE.EN.ZS,Serbia,SRB,41.21153,37.77636,36.77365,34.97926,35.21905,35.42569,37.8019,36.86698,38.53117,..,..
"Female share of graduates in Engineering, Manufacturing and Construction programmes, tertiary (%)",SE.TER.GRAD.FE.EN.ZS,Seychelles,SYC,..,10,..,0,100,20,33.33333,29.41176,13.95349,..,..
"Female share of graduates in Engineering, Manufacturing and Construction programmes, tertiary (%)",SE.TER.GRAD.FE.EN.ZS,Sierra Leone,SLE,..,..,..,..,..,..,..,..,..,..,..
"Female share of graduates in Engineering, Manufacturing and Construction programmes, tertiary (%)",SE.TER.GRAD.FE.EN.ZS,Singapore,SGP,..,..,..,..,..,..,26.95484,27.76688,..,..,..
"Female share of graduates in Engineering, Manufacturing and Construction programmes, tertiary (%)",SE.TER.GRAD.FE.EN.ZS,Sint Maarten (Dutch part),SXM,..,..,..,..,..,..,..,..,..,..,..
"Female share of graduates in Engineering, Manufacturing and Construction programmes, tertiary (%)",SE.TER.GRAD.FE.EN.ZS,Slovak Republic,SVK,32.08838,31.1278,31.94191,31.69708,32.27133,28.2048,..,28.1642,..,..,..
"Female share of graduates in Engineering, Manufacturing and Construction programmes, tertiary (%)",SE.TER.GRAD.FE.EN.ZS,Slovenia,SVN,23.87374,25.25662,25.12591,25.37838,25.18033,25.9887,..,26.73394,..,..,..
"Female share of graduates in Engineering, Manufacturing and Construction programmes, tertiary (%)",SE.TER.GRAD.FE.EN.ZS,Small states,SST,..,..,..,..,..,..,..,..,..,..,..
"Female share of graduates in Engineering, Manufacturing and Construction programmes, tertiary (%)",SE.TER.GRAD.FE.EN.ZS,Solomon Islands,SLB,..,..,..,..,..,..,..,..,..,..,..
"Female share of graduates in Engineering, Manufacturing and Construction programmes, tertiary (%)",SE.TER.GRAD.FE.EN.ZS,Somalia,SOM,..,..,..,..,..,..,..,..,..,..,..
"Female share of graduates in Engineering, Manufacturing and Construction programmes, tertiary (%)",SE.TER.GRAD.FE.EN.ZS,South Africa,ZAF,..,..,..,30.43083,30.3994,31.00818,31.54591,32.23869,..,..,..
"Female share of graduates in Engineering, Manufacturing and Construction programmes, tertiary (%)",SE.TER.GRAD.FE.EN.ZS,South Asia,SAS,..,..,..,..,..,..,..,..,..,..,..
"Female share of graduates in Engineering, Manufacturing and Construction programmes, tertiary (%)",SE.TER.GRAD.FE.EN.ZS,South Asia (IDA & IBRD),TSA,..,..,..,..,..,..,..,..,..,..,..
"Female share of graduates in Engineering, Manufacturing and Construction programmes, tertiary (%)",SE.TER.GRAD.FE.EN.ZS,South Sudan,SSD,..,..,..,..,..,..,..,..,..,..,..
"Female share of graduates in Engineering, Manufacturing and Construction programmes, tertiary (%)",SE.TER.GRAD.FE.EN.ZS,Spain,ESP,29.13504,27.39942,26.94089,25.73989,25.75399,25.39738,26.39403,26.61239,..,..,..
"Female share of graduates in Engineering, Manufacturing and Construction programmes, tertiary (%)",SE.TER.GRAD.FE.EN.ZS,Sri Lanka,LKA,..,..,28.41635,22.42952,23.14815,22.02596,26.68067,26.00582,28.4373,..,..
"Female share of graduates in Engineering, Manufacturing and Construction programmes, tertiary (%)",SE.TER.GRAD.FE.EN.ZS,St. Kitts and Nevis,KNA,..,..,..,..,..,..,..,..,..,..,..
"Female share of graduates in Engineering, Manufacturing and Construction programmes, tertiary (%)",SE.TER.GRAD.FE.EN.ZS,St. Lucia,LCA,..,..,..,..,..,..,..,..,..,..,..
"Female share of graduates in Engineering, Manufacturing and Construction programmes, tertiary (%)",SE.TER.GRAD.FE.EN.ZS,St. Martin (French part),MAF,..,..,..,..,..,..,..,..,..,..,..
"Female share of graduates in Engineering, Manufacturing and Construction programmes, tertiary (%)",SE.TER.GRAD.FE.EN.ZS,St. Vincent and the Grenadines,VCT,..,..,..,..,..,..,..,..,..,..,..
"Female share of graduates in Engineering, Manufacturing and Construction programmes, tertiary (%)",SE.TER.GRAD.FE.EN.ZS,Sub-Saharan Africa,SSF,..,..,..,..,..,..,..,..,..,..,..
"Female share of graduates in Engineering, Manufacturing and Construction programmes, tertiary (%)",SE.TER.GRAD.FE.EN.ZS,Sub-Saharan Africa (excluding high income),SSA,..,..,..,..,..,..,..,..,..,..,..
"Female share of graduates in Engineering, Manufacturing and Construction programmes, tertiary (%)",SE.TER.GRAD.FE.EN.ZS,Sub-Saharan Africa (IDA & IBRD),TSS,..,..,..,..,..,..,..,..,..,..,..
"Female share of graduates in Engineering, Manufacturing and Construction programmes, tertiary (%)",SE.TER.GRAD.FE.EN.ZS,Sudan,SDN,..,..,30.52769,31.83373,33.8808,46.27565,..,..,..,..,..
"Female share of graduates in Engineering, Manufacturing and Construction programmes, tertiary (%)",SE.TER.GRAD.FE.EN.ZS,Suriname,SUR,..,..,..,..,..,..,..,..,..,..,..
"Female share of graduates in Engineering, Manufacturing and Construction programmes, tertiary (%)",SE.TER.GRAD.FE.EN.ZS,Sweden,SWE,30.90926,30.14305,29.31434,29.63326,..,30.3404,31.75713,32.77372,..,..,..
"Female share of graduates in Engineering, Manufacturing and Construction programmes, tertiary (%)",SE.TER.GRAD.FE.EN.ZS,Switzerland,CHE,15.34556,15.08822,..,15.9964,16.60185,15.55069,15.22902,15.99456,..,..,..
"Female share of graduates in Engineering, Manufacturing and Construction programmes, tertiary (%)",SE.TER.GRAD.FE.EN.ZS,Syrian Arab Republic,SYR,..,..,..,37.21135,40.68805,36.00334,43.84573,..,..,..,..
"Female share of graduates in Engineering, Manufacturing and Construction programmes, tertiary (%)",SE.TER.GRAD.FE.EN.ZS,Tajikistan,TJK,..,..,..,..,..,..,..,..,..,..,..
"Female share of graduates in Engineering, Manufacturing and Construction programmes, tertiary (%)",SE.TER.GRAD.FE.EN.ZS,Tanzania,TZA,..,..,..,..,..,..,..,..,..,..,..
"Female share of graduates in Engineering, Manufacturing and Construction programmes, tertiary (%)",SE.TER.GRAD.FE.EN.ZS,Thailand,THA,..,..,..,..,..,15.1422,16.74975,..,..,..,..
"Female share of graduates in Engineering, Manufacturing and Construction programmes, tertiary (%)",SE.TER.GRAD.FE.EN.ZS,Timor-Leste,TLS,..,..,..,..,..,..,..,..,..,..,..
"Female share of graduates in Engineering, Manufacturing and Construction programmes, tertiary (%)",SE.TER.GRAD.FE.EN.ZS,Togo,TGO,..,..,..,..,..,..,..,..,..,..,..
"Female share of graduates in Engineering, Manufacturing and Construction programmes, tertiary (%)",SE.TER.GRAD.FE.EN.ZS,Tonga,TON,..,..,..,..,..,..,..,..,..,..,..
"Female share of graduates in Engineering, Manufacturing and Construction programmes, tertiary (%)",SE.TER.GRAD.FE.EN.ZS,Trinidad and Tobago,TTO,..,..,..,..,..,..,..,..,..,..,..
"Female share of graduates in Engineering, Manufacturing and Construction programmes, tertiary (%)",SE.TER.GRAD.FE.EN.ZS,Tunisia,TUN,..,..,34.16313,41.14532,41.96991,38.40843,40.44375,..,44.18978,..,..
"Female share of graduates in Engineering, Manufacturing and Construction programmes, tertiary (%)",SE.TER.GRAD.FE.EN.ZS,Turkey,TUR,25.83371,25.08377,25.43202,..,27.12794,..,..,..,..,..,..
"Female share of graduates in Engineering, Manufacturing and Construction programmes, tertiary (%)",SE.TER.GRAD.FE.EN.ZS,Turkmenistan,TKM,..,..,..,..,..,..,..,..,..,..,..
"Female share of graduates in Engineering, Manufacturing and Construction programmes, tertiary (%)",SE.TER.GRAD.FE.EN.ZS,Turks and Caicos Islands,TCA,..,..,..,..,..,..,..,..,..,..,..
"Female share of graduates in Engineering, Manufacturing and Construction programmes, tertiary (%)",SE.TER.GRAD.FE.EN.ZS,Tuvalu,TUV,..,..,..,..,..,..,..,..,..,..,..
"Female share of graduates in Engineering, Manufacturing and Construction programmes, tertiary (%)",SE.TER.GRAD.FE.EN.ZS,Uganda,UGA,..,..,..,..,..,..,..,..,..,..,..
"Female share of graduates in Engineering, Manufacturing and Construction programmes, tertiary (%)",SE.TER.GRAD.FE.EN.ZS,Ukraine,UKR,..,..,25.9447,26.20266,25.62329,26.29274,26.42204,22.87553,25.22734,..,..
"Female share of graduates in Engineering, Manufacturing and Construction programmes, tertiary (%)",SE.TER.GRAD.FE.EN.ZS,United Arab Emirates,ARE,..,31.18881,31.23637,31.05291,31.06844,34.25686,34.62452,33.29471,..,..,..
"Female share of graduates in Engineering, Manufacturing and Construction programmes, tertiary (%)",SE.TER.GRAD.FE.EN.ZS,United Kingdom,GBR,21.51509,21.68745,21.99764,22.22132,22.36553,23.02451,23.46256,..,..,..,..
"Female share of graduates in Engineering, Manufacturing and Construction programmes, tertiary (%)",SE.TER.GRAD.FE.EN.ZS,United States,USA,20.374,20.15374,20.52599,21.09638,21.46737,19.70384,20.43798,..,..,..,..
"Female share of graduates in Engineering, Manufacturing and Construction programmes, tertiary (%)",SE.TER.GRAD.FE.EN.ZS,Upper middle income,UMC,..,..,..,..,..,..,..,..,..,..,..
"Female share of graduates in Engineering, Manufacturing and Construction programmes, tertiary (%)",SE.TER.GRAD.FE.EN.ZS,Uruguay,URY,43.22034,..,..,..,..,..,..,45.91716,..,..,..
"Female share of graduates in Engineering, Manufacturing and Construction programmes, tertiary (%)",SE.TER.GRAD.FE.EN.ZS,Uzbekistan,UZB,..,..,..,..,..,..,..,..,17.70088,..,..
"Female share of graduates in Engineering, Manufacturing and Construction programmes, tertiary (%)",SE.TER.GRAD.FE.EN.ZS,Vanuatu,VUT,..,..,..,..,..,..,..,..,..,..,..
"Female share of graduates in Engineering, Manufacturing and Construction programmes, tertiary (%)",SE.TER.GRAD.FE.EN.ZS,"Venezuela, RB",VEN,..,..,..,..,..,..,..,..,..,..,..
"Female share of graduates in Engineering, Manufacturing and Construction programmes, tertiary (%)",SE.TER.GRAD.FE.EN.ZS,Vietnam,VNM,23.48511,..,25.24753,31.04921,35.06878,40.31347,37.06646,..,..,..,..
"Female share of graduates in Engineering, Manufacturing and Construction programmes, tertiary (%)",SE.TER.GRAD.FE.EN.ZS,Virgin Islands (U.S.),VIR,..,..,..,..,..,..,..,..,..,..,..
"Female share of graduates in Engineering, Manufacturing and Construction programmes, tertiary (%)",SE.TER.GRAD.FE.EN.ZS,West Bank and Gaza,PSE,30.16811,29.32735,28.82279,31.25487,31.43675,32.22254,32.67519,31.89018,32.88932,..,..
"Female share of graduates in Engineering, Manufacturing and Construction programmes, tertiary (%)",SE.TER.GRAD.FE.EN.ZS,World,WLD,..,..,..,..,..,..,..,..,..,..,..
"Female share of graduates in Engineering, Manufacturing and Construction programmes, tertiary (%)",SE.TER.GRAD.FE.EN.ZS,"Yemen, Rep.",YEM,..,..,..,..,..,..,..,..,..,..,..
"Female share of graduates in Engineering, Manufacturing and Construction programmes, tertiary (%)",SE.TER.GRAD.FE.EN.ZS,Zambia,ZMB,..,..,..,..,..,..,..,..,..,..,..
"Female share of graduates in Engineering, Manufacturing and Construction programmes, tertiary (%)",SE.TER.GRAD.FE.EN.ZS,Zimbabwe,ZWE,14.32821,22.70573,23.74254,21.43122,..,20.46313,..,..,..,..,..
,,,,,,,,,,,,,,
,,,,,,,,,,,,,,
,,,,,,,,,,,,,,
Data from database: Gender Statistics,,,,,,,,,,,,,,
Last Updated: 12/21/2020,,,,,,,,,,,,,,
